delete from DEPARTMENT_USER;
delete from DEPARTMENT;
delete from USER;

INSERT INTO DEPARTMENT( ID, NAME, CATEGORY ) VALUES (0, '검색광고개발1셀', '개발');
INSERT INTO DEPARTMENT( ID, NAME, CATEGORY ) VALUES (1, '치킨런TF', '개발');
INSERT INTO DEPARTMENT( ID, NAME, CATEGORY ) VALUES (2, '신입온보딩TF', '기타');

INSERT INTO USER( ID, IS_VACATION, NAME, USERNAME) VALUES (0, 1, '한종진', 'brandon.han');
INSERT INTO USER( ID, IS_VACATION, NAME, USERNAME) VALUES (1, 0, '김홍규', 'argus.q');
INSERT INTO USER( ID, IS_VACATION, NAME, USERNAME) VALUES (2, 0, '장준석', 'august.chang');
INSERT INTO USER( ID, IS_VACATION, NAME, USERNAME) VALUES (3, 0, '전호석', 'chris.jeun');
INSERT INTO USER( ID, IS_VACATION, NAME, USERNAME) VALUES (4, 0, '이상헌', 'colin.sh');
INSERT INTO USER( ID, IS_VACATION, NAME, USERNAME) VALUES (5, 0, '김창호', 'daniel.94');
INSERT INTO USER( ID, IS_VACATION, NAME, USERNAME) VALUES (6, 0, '김덕균', 'derek.kim');
INSERT INTO USER( ID, IS_VACATION, NAME, USERNAME) VALUES (7, 0, '오창연', 'ed.banger');
INSERT INTO USER( ID, IS_VACATION, NAME, USERNAME) VALUES (8, 0, '박찬진', 'frank.park');
INSERT INTO USER( ID, IS_VACATION, NAME, USERNAME) VALUES (9, 0, '이동준', 'genos.lee');
INSERT INTO USER( ID, IS_VACATION, NAME, USERNAME) VALUES (10, 0, '이광연', 'kai.1001');
INSERT INTO USER( ID, IS_VACATION, NAME, USERNAME) VALUES (11, 0, '정지선', 'keira.j');
INSERT INTO USER( ID, IS_VACATION, NAME, USERNAME) VALUES (12, 0, '강경보', 'peter.kang');

INSERT INTO DEPARTMENT_USER( DEPARTMENT_ID, USER_ID ) VALUES (0, 0);
INSERT INTO DEPARTMENT_USER( DEPARTMENT_ID, USER_ID ) VALUES (0, 1);
INSERT INTO DEPARTMENT_USER( DEPARTMENT_ID, USER_ID ) VALUES (0, 2);
INSERT INTO DEPARTMENT_USER( DEPARTMENT_ID, USER_ID ) VALUES (0, 3);
INSERT INTO DEPARTMENT_USER( DEPARTMENT_ID, USER_ID ) VALUES (0, 4);
INSERT INTO DEPARTMENT_USER( DEPARTMENT_ID, USER_ID ) VALUES (1, 4);
INSERT INTO DEPARTMENT_USER( DEPARTMENT_ID, USER_ID ) VALUES (0, 5);
INSERT INTO DEPARTMENT_USER( DEPARTMENT_ID, USER_ID ) VALUES (1, 5);
INSERT INTO DEPARTMENT_USER( DEPARTMENT_ID, USER_ID ) VALUES (0, 6);
INSERT INTO DEPARTMENT_USER( DEPARTMENT_ID, USER_ID ) VALUES (2, 6);
INSERT INTO DEPARTMENT_USER( DEPARTMENT_ID, USER_ID ) VALUES (0, 7);
INSERT INTO DEPARTMENT_USER( DEPARTMENT_ID, USER_ID ) VALUES (0, 8);
INSERT INTO DEPARTMENT_USER( DEPARTMENT_ID, USER_ID ) VALUES (0, 9);
INSERT INTO DEPARTMENT_USER( DEPARTMENT_ID, USER_ID ) VALUES (0, 10);
INSERT INTO DEPARTMENT_USER( DEPARTMENT_ID, USER_ID ) VALUES (0, 11);
INSERT INTO DEPARTMENT_USER( DEPARTMENT_ID, USER_ID ) VALUES (0, 12);